{
  "version": "1.0.0",
  "lastUpdated": "2026-02-03",
  "courts": [
    {
      "id": "usdc-al-n",
      "name": "United States District Court for the Northern District of Alabama",
      "abbreviation": "N.D. Ala.",
      "state": "AL",
      "city": "Birmingham",
      "address": "Hugo L. Black United States Courthouse, 1729 5th Avenue North, Birmingham, AL 35203",
      "filingUrl": "https://ecf.alnd.uscourts.gov"
    },
    {
      "id": "usdc-al-m",
      "name": "United States District Court for the Middle District of Alabama",
      "abbreviation": "M.D. Ala.",
      "state": "AL",
      "city": "Montgomery",
      "address": "Frank M. Johnson Jr. Federal Building, One Church Street, Montgomery, AL 36104",
      "filingUrl": "https://ecf.almd.uscourts.gov"
    },
    {
      "id": "usdc-al-s",
      "name": "United States District Court for the Southern District of Alabama",
      "abbreviation": "S.D. Ala.",
      "state": "AL",
      "city": "Mobile",
      "address": "113 St. Joseph Street, Mobile, AL 36602",
      "filingUrl": "https://ecf.alsd.uscourts.gov"
    },
    {
      "id": "usdc-ak",
      "name": "United States District Court for the District of Alaska",
      "abbreviation": "D. Alaska",
      "state": "AK",
      "city": "Anchorage",
      "address": "222 West 7th Avenue, Anchorage, AK 99513",
      "filingUrl": "https://ecf.akd.uscourts.gov"
    },
    {
      "id": "usdc-az",
      "name": "United States District Court for the District of Arizona",
      "abbreviation": "D. Ariz.",
      "state": "AZ",
      "city": "Phoenix",
      "address": "Sandra Day O'Connor U.S. Courthouse, 401 West Washington Street, Phoenix, AZ 85003",
      "filingUrl": "https://ecf.azd.uscourts.gov"
    },
    {
      "id": "usdc-ar-e",
      "name": "United States District Court for the Eastern District of Arkansas",
      "abbreviation": "E.D. Ark.",
      "state": "AR",
      "city": "Little Rock",
      "address": "600 West Capitol Avenue, Little Rock, AR 72201",
      "filingUrl": "https://ecf.ared.uscourts.gov"
    },
    {
      "id": "usdc-ar-w",
      "name": "United States District Court for the Western District of Arkansas",
      "abbreviation": "W.D. Ark.",
      "state": "AR",
      "city": "Fort Smith",
      "address": "30 South 6th Street, Fort Smith, AR 72901",
      "filingUrl": "https://ecf.arwd.uscourts.gov"
    },
    {
      "id": "usdc-ca-n",
      "name": "United States District Court for the Northern District of California",
      "abbreviation": "N.D. Cal.",
      "state": "CA",
      "city": "San Francisco",
      "address": "Phillip Burton Federal Building, 450 Golden Gate Avenue, San Francisco, CA 94102",
      "filingUrl": "https://ecf.cand.uscourts.gov"
    },
    {
      "id": "usdc-ca-e",
      "name": "United States District Court for the Eastern District of California",
      "abbreviation": "E.D. Cal.",
      "state": "CA",
      "city": "Sacramento",
      "address": "501 I Street, Sacramento, CA 95814",
      "filingUrl": "https://ecf.caed.uscourts.gov"
    },
    {
      "id": "usdc-ca-c",
      "name": "United States District Court for the Central District of California",
      "abbreviation": "C.D. Cal.",
      "state": "CA",
      "city": "Los Angeles",
      "address": "First Street Federal Courthouse, 350 West 1st Street, Los Angeles, CA 90012",
      "filingUrl": "https://ecf.cacd.uscourts.gov"
    },
    {
      "id": "usdc-ca-s",
      "name": "United States District Court for the Southern District of California",
      "abbreviation": "S.D. Cal.",
      "state": "CA",
      "city": "San Diego",
      "address": "333 West Broadway, San Diego, CA 92101",
      "filingUrl": "https://ecf.casd.uscourts.gov"
    },
    {
      "id": "usdc-co",
      "name": "United States District Court for the District of Colorado",
      "abbreviation": "D. Colo.",
      "state": "CO",
      "city": "Denver",
      "address": "Alfred A. Arraj United States Courthouse, 901 19th Street, Denver, CO 80294",
      "filingUrl": "https://ecf.cod.uscourts.gov"
    },
    {
      "id": "usdc-ct",
      "name": "United States District Court for the District of Connecticut",
      "abbreviation": "D. Conn.",
      "state": "CT",
      "city": "New Haven",
      "address": "141 Church Street, New Haven, CT 06510",
      "filingUrl": "https://ecf.ctd.uscourts.gov"
    },
    {
      "id": "usdc-de",
      "name": "United States District Court for the District of Delaware",
      "abbreviation": "D. Del.",
      "state": "DE",
      "city": "Wilmington",
      "address": "J. Caleb Boggs Federal Building, 844 N. King Street, Wilmington, DE 19801",
      "filingUrl": "https://ecf.ded.uscourts.gov"
    },
    {
      "id": "usdc-dc",
      "name": "United States District Court for the District of Columbia",
      "abbreviation": "D.D.C.",
      "state": "DC",
      "city": "Washington",
      "address": "E. Barrett Prettyman U.S. Courthouse, 333 Constitution Avenue NW, Washington, DC 20001",
      "filingUrl": "https://ecf.dcd.uscourts.gov"
    },
    {
      "id": "usdc-fl-n",
      "name": "United States District Court for the Northern District of Florida",
      "abbreviation": "N.D. Fla.",
      "state": "FL",
      "city": "Pensacola",
      "address": "1 North Palafox Street, Pensacola, FL 32502",
      "filingUrl": "https://ecf.flnd.uscourts.gov"
    },
    {
      "id": "usdc-fl-m",
      "name": "United States District Court for the Middle District of Florida",
      "abbreviation": "M.D. Fla.",
      "state": "FL",
      "city": "Jacksonville",
      "address": "300 North Hogan Street, Jacksonville, FL 32202",
      "filingUrl": "https://ecf.flmd.uscourts.gov"
    },
    {
      "id": "usdc-fl-s",
      "name": "United States District Court for the Southern District of Florida",
      "abbreviation": "S.D. Fla.",
      "state": "FL",
      "city": "Miami",
      "address": "Wilkie D. Ferguson Jr. U.S. Courthouse, 400 North Miami Avenue, Miami, FL 33128",
      "filingUrl": "https://ecf.flsd.uscourts.gov"
    },
    {
      "id": "usdc-ga-n",
      "name": "United States District Court for the Northern District of Georgia",
      "abbreviation": "N.D. Ga.",
      "state": "GA",
      "city": "Atlanta",
      "address": "Richard B. Russell Federal Building, 75 Ted Turner Drive SW, Atlanta, GA 30303",
      "filingUrl": "https://ecf.gand.uscourts.gov"
    },
    {
      "id": "usdc-ga-m",
      "name": "United States District Court for the Middle District of Georgia",
      "abbreviation": "M.D. Ga.",
      "state": "GA",
      "city": "Macon",
      "address": "475 Mulberry Street, Macon, GA 31201",
      "filingUrl": "https://ecf.gamd.uscourts.gov"
    },
    {
      "id": "usdc-ga-s",
      "name": "United States District Court for the Southern District of Georgia",
      "abbreviation": "S.D. Ga.",
      "state": "GA",
      "city": "Savannah",
      "address": "125 Bull Street, Savannah, GA 31401",
      "filingUrl": "https://ecf.gasd.uscourts.gov"
    },
    {
      "id": "usdc-hi",
      "name": "United States District Court for the District of Hawaii",
      "abbreviation": "D. Haw.",
      "state": "HI",
      "city": "Honolulu",
      "address": "300 Ala Moana Boulevard, Honolulu, HI 96850",
      "filingUrl": "https://ecf.hid.uscourts.gov"
    },
    {
      "id": "usdc-id",
      "name": "United States District Court for the District of Idaho",
      "abbreviation": "D. Idaho",
      "state": "ID",
      "city": "Boise",
      "address": "550 West Fort Street, Boise, ID 83724",
      "filingUrl": "https://ecf.idd.uscourts.gov"
    },
    {
      "id": "usdc-il-n",
      "name": "United States District Court for the Northern District of Illinois",
      "abbreviation": "N.D. Ill.",
      "state": "IL",
      "city": "Chicago",
      "address": "Everett McKinley Dirksen United States Courthouse, 219 South Dearborn Street, Chicago, IL 60604",
      "filingUrl": "https://ecf.ilnd.uscourts.gov"
    },
    {
      "id": "usdc-il-c",
      "name": "United States District Court for the Central District of Illinois",
      "abbreviation": "C.D. Ill.",
      "state": "IL",
      "city": "Springfield",
      "address": "600 East Monroe Street, Springfield, IL 62701",
      "filingUrl": "https://ecf.ilcd.uscourts.gov"
    },
    {
      "id": "usdc-il-s",
      "name": "United States District Court for the Southern District of Illinois",
      "abbreviation": "S.D. Ill.",
      "state": "IL",
      "city": "East St. Louis",
      "address": "750 Missouri Avenue, East St. Louis, IL 62201",
      "filingUrl": "https://ecf.ilsd.uscourts.gov"
    },
    {
      "id": "usdc-in-n",
      "name": "United States District Court for the Northern District of Indiana",
      "abbreviation": "N.D. Ind.",
      "state": "IN",
      "city": "South Bend",
      "address": "204 South Main Street, South Bend, IN 46601",
      "filingUrl": "https://ecf.innd.uscourts.gov"
    },
    {
      "id": "usdc-in-s",
      "name": "United States District Court for the Southern District of Indiana",
      "abbreviation": "S.D. Ind.",
      "state": "IN",
      "city": "Indianapolis",
      "address": "Birch Bayh Federal Building, 46 East Ohio Street, Indianapolis, IN 46204",
      "filingUrl": "https://ecf.insd.uscourts.gov"
    },
    {
      "id": "usdc-ia-n",
      "name": "United States District Court for the Northern District of Iowa",
      "abbreviation": "N.D. Iowa",
      "state": "IA",
      "city": "Cedar Rapids",
      "address": "111 7th Avenue SE, Cedar Rapids, IA 52401",
      "filingUrl": "https://ecf.iand.uscourts.gov"
    },
    {
      "id": "usdc-ia-s",
      "name": "United States District Court for the Southern District of Iowa",
      "abbreviation": "S.D. Iowa",
      "state": "IA",
      "city": "Des Moines",
      "address": "123 East Walnut Street, Des Moines, IA 50309",
      "filingUrl": "https://ecf.iasd.uscourts.gov"
    },
    {
      "id": "usdc-ks",
      "name": "United States District Court for the District of Kansas",
      "abbreviation": "D. Kan.",
      "state": "KS",
      "city": "Kansas City",
      "address": "500 State Avenue, Kansas City, KS 66101",
      "filingUrl": "https://ecf.ksd.uscourts.gov"
    },
    {
      "id": "usdc-ky-e",
      "name": "United States District Court for the Eastern District of Kentucky",
      "abbreviation": "E.D. Ky.",
      "state": "KY",
      "city": "Lexington",
      "address": "101 Barr Street, Lexington, KY 40507",
      "filingUrl": "https://ecf.kyed.uscourts.gov"
    },
    {
      "id": "usdc-ky-w",
      "name": "United States District Court for the Western District of Kentucky",
      "abbreviation": "W.D. Ky.",
      "state": "KY",
      "city": "Louisville",
      "address": "Gene Snyder U.S. Courthouse, 601 West Broadway, Louisville, KY 40202",
      "filingUrl": "https://ecf.kywd.uscourts.gov"
    },
    {
      "id": "usdc-la-e",
      "name": "United States District Court for the Eastern District of Louisiana",
      "abbreviation": "E.D. La.",
      "state": "LA",
      "city": "New Orleans",
      "address": "500 Poydras Street, New Orleans, LA 70130",
      "filingUrl": "https://ecf.laed.uscourts.gov"
    },
    {
      "id": "usdc-la-m",
      "name": "United States District Court for the Middle District of Louisiana",
      "abbreviation": "M.D. La.",
      "state": "LA",
      "city": "Baton Rouge",
      "address": "777 Florida Street, Baton Rouge, LA 70801",
      "filingUrl": "https://ecf.lamd.uscourts.gov"
    },
    {
      "id": "usdc-la-w",
      "name": "United States District Court for the Western District of Louisiana",
      "abbreviation": "W.D. La.",
      "state": "LA",
      "city": "Shreveport",
      "address": "300 Fannin Street, Shreveport, LA 71101",
      "filingUrl": "https://ecf.lawd.uscourts.gov"
    },
    {
      "id": "usdc-me",
      "name": "United States District Court for the District of Maine",
      "abbreviation": "D. Me.",
      "state": "ME",
      "city": "Portland",
      "address": "156 Federal Street, Portland, ME 04101",
      "filingUrl": "https://ecf.med.uscourts.gov"
    },
    {
      "id": "usdc-md",
      "name": "United States District Court for the District of Maryland",
      "abbreviation": "D. Md.",
      "state": "MD",
      "city": "Baltimore",
      "address": "101 West Lombard Street, Baltimore, MD 21201",
      "filingUrl": "https://ecf.mdd.uscourts.gov"
    },
    {
      "id": "usdc-ma",
      "name": "United States District Court for the District of Massachusetts",
      "abbreviation": "D. Mass.",
      "state": "MA",
      "city": "Boston",
      "address": "John Joseph Moakley U.S. Courthouse, 1 Courthouse Way, Boston, MA 02210",
      "filingUrl": "https://ecf.mad.uscourts.gov"
    },
    {
      "id": "usdc-mi-e",
      "name": "United States District Court for the Eastern District of Michigan",
      "abbreviation": "E.D. Mich.",
      "state": "MI",
      "city": "Detroit",
      "address": "Theodore Levin U.S. Courthouse, 231 West Lafayette Boulevard, Detroit, MI 48226",
      "filingUrl": "https://ecf.mied.uscourts.gov"
    },
    {
      "id": "usdc-mi-w",
      "name": "United States District Court for the Western District of Michigan",
      "abbreviation": "W.D. Mich.",
      "state": "MI",
      "city": "Grand Rapids",
      "address": "110 Michigan Street NW, Grand Rapids, MI 49503",
      "filingUrl": "https://ecf.miwd.uscourts.gov"
    },
    {
      "id": "usdc-mn",
      "name": "United States District Court for the District of Minnesota",
      "abbreviation": "D. Minn.",
      "state": "MN",
      "city": "Minneapolis",
      "address": "300 South 4th Street, Minneapolis, MN 55415",
      "filingUrl": "https://ecf.mnd.uscourts.gov"
    },
    {
      "id": "usdc-ms-n",
      "name": "United States District Court for the Northern District of Mississippi",
      "abbreviation": "N.D. Miss.",
      "state": "MS",
      "city": "Oxford",
      "address": "911 Jackson Avenue, Oxford, MS 38655",
      "filingUrl": "https://ecf.msnd.uscourts.gov"
    },
    {
      "id": "usdc-ms-s",
      "name": "United States District Court for the Southern District of Mississippi",
      "abbreviation": "S.D. Miss.",
      "state": "MS",
      "city": "Jackson",
      "address": "501 East Court Street, Jackson, MS 39201",
      "filingUrl": "https://ecf.mssd.uscourts.gov"
    },
    {
      "id": "usdc-mo-e",
      "name": "United States District Court for the Eastern District of Missouri",
      "abbreviation": "E.D. Mo.",
      "state": "MO",
      "city": "St. Louis",
      "address": "111 South 10th Street, St. Louis, MO 63102",
      "filingUrl": "https://ecf.moed.uscourts.gov"
    },
    {
      "id": "usdc-mo-w",
      "name": "United States District Court for the Western District of Missouri",
      "abbreviation": "W.D. Mo.",
      "state": "MO",
      "city": "Kansas City",
      "address": "400 East 9th Street, Kansas City, MO 64106",
      "filingUrl": "https://ecf.mowd.uscourts.gov"
    },
    {
      "id": "usdc-mt",
      "name": "United States District Court for the District of Montana",
      "abbreviation": "D. Mont.",
      "state": "MT",
      "city": "Billings",
      "address": "2601 2nd Avenue North, Billings, MT 59101",
      "filingUrl": "https://ecf.mtd.uscourts.gov"
    },
    {
      "id": "usdc-ne",
      "name": "United States District Court for the District of Nebraska",
      "abbreviation": "D. Neb.",
      "state": "NE",
      "city": "Omaha",
      "address": "111 South 18th Plaza, Omaha, NE 68102",
      "filingUrl": "https://ecf.ned.uscourts.gov"
    },
    {
      "id": "usdc-nv",
      "name": "United States District Court for the District of Nevada",
      "abbreviation": "D. Nev.",
      "state": "NV",
      "city": "Las Vegas",
      "address": "333 Las Vegas Boulevard South, Las Vegas, NV 89101",
      "filingUrl": "https://ecf.nvd.uscourts.gov"
    },
    {
      "id": "usdc-nh",
      "name": "United States District Court for the District of New Hampshire",
      "abbreviation": "D.N.H.",
      "state": "NH",
      "city": "Concord",
      "address": "55 Pleasant Street, Concord, NH 03301",
      "filingUrl": "https://ecf.nhd.uscourts.gov"
    },
    {
      "id": "usdc-nj",
      "name": "United States District Court for the District of New Jersey",
      "abbreviation": "D.N.J.",
      "state": "NJ",
      "city": "Newark",
      "address": "Martin Luther King Jr. Federal Building, 50 Walnut Street, Newark, NJ 07102",
      "filingUrl": "https://ecf.njd.uscourts.gov"
    },
    {
      "id": "usdc-nm",
      "name": "United States District Court for the District of New Mexico",
      "abbreviation": "D.N.M.",
      "state": "NM",
      "city": "Albuquerque",
      "address": "333 Lomas Boulevard NW, Albuquerque, NM 87102",
      "filingUrl": "https://ecf.nmd.uscourts.gov"
    },
    {
      "id": "usdc-ny-n",
      "name": "United States District Court for the Northern District of New York",
      "abbreviation": "N.D.N.Y.",
      "state": "NY",
      "city": "Syracuse",
      "address": "100 South Clinton Street, Syracuse, NY 13261",
      "filingUrl": "https://ecf.nynd.uscourts.gov"
    },
    {
      "id": "usdc-ny-s",
      "name": "United States District Court for the Southern District of New York",
      "abbreviation": "S.D.N.Y.",
      "state": "NY",
      "city": "New York",
      "address": "Thurgood Marshall U.S. Courthouse, 40 Foley Square, New York, NY 10007",
      "filingUrl": "https://ecf.nysd.uscourts.gov"
    },
    {
      "id": "usdc-ny-e",
      "name": "United States District Court for the Eastern District of New York",
      "abbreviation": "E.D.N.Y.",
      "state": "NY",
      "city": "Brooklyn",
      "address": "225 Cadman Plaza East, Brooklyn, NY 11201",
      "filingUrl": "https://ecf.nyed.uscourts.gov"
    },
    {
      "id": "usdc-ny-w",
      "name": "United States District Court for the Western District of New York",
      "abbreviation": "W.D.N.Y.",
      "state": "NY",
      "city": "Buffalo",
      "address": "2 Niagara Square, Buffalo, NY 14202",
      "filingUrl": "https://ecf.nywd.uscourts.gov"
    },
    {
      "id": "usdc-nc-e",
      "name": "United States District Court for the Eastern District of North Carolina",
      "abbreviation": "E.D.N.C.",
      "state": "NC",
      "city": "Raleigh",
      "address": "310 New Bern Avenue, Raleigh, NC 27601",
      "filingUrl": "https://ecf.nced.uscourts.gov"
    },
    {
      "id": "usdc-nc-m",
      "name": "United States District Court for the Middle District of North Carolina",
      "abbreviation": "M.D.N.C.",
      "state": "NC",
      "city": "Greensboro",
      "address": "324 West Market Street, Greensboro, NC 27401",
      "filingUrl": "https://ecf.ncmd.uscourts.gov"
    },
    {
      "id": "usdc-nc-w",
      "name": "United States District Court for the Western District of North Carolina",
      "abbreviation": "W.D.N.C.",
      "state": "NC",
      "city": "Charlotte",
      "address": "401 West Trade Street, Charlotte, NC 28202",
      "filingUrl": "https://ecf.ncwd.uscourts.gov"
    },
    {
      "id": "usdc-nd",
      "name": "United States District Court for the District of North Dakota",
      "abbreviation": "D.N.D.",
      "state": "ND",
      "city": "Bismarck",
      "address": "220 East Rosser Avenue, Bismarck, ND 58501",
      "filingUrl": "https://ecf.ndd.uscourts.gov"
    },
    {
      "id": "usdc-oh-n",
      "name": "United States District Court for the Northern District of Ohio",
      "abbreviation": "N.D. Ohio",
      "state": "OH",
      "city": "Cleveland",
      "address": "Carl B. Stokes U.S. Court House, 801 West Superior Avenue, Cleveland, OH 44113",
      "filingUrl": "https://ecf.ohnd.uscourts.gov"
    },
    {
      "id": "usdc-oh-s",
      "name": "United States District Court for the Southern District of Ohio",
      "abbreviation": "S.D. Ohio",
      "state": "OH",
      "city": "Columbus",
      "address": "85 Marconi Boulevard, Columbus, OH 43215",
      "filingUrl": "https://ecf.ohsd.uscourts.gov"
    },
    {
      "id": "usdc-ok-n",
      "name": "United States District Court for the Northern District of Oklahoma",
      "abbreviation": "N.D. Okla.",
      "state": "OK",
      "city": "Tulsa",
      "address": "333 West 4th Street, Tulsa, OK 74103",
      "filingUrl": "https://ecf.oknd.uscourts.gov"
    },
    {
      "id": "usdc-ok-e",
      "name": "United States District Court for the Eastern District of Oklahoma",
      "abbreviation": "E.D. Okla.",
      "state": "OK",
      "city": "Muskogee",
      "address": "101 North 5th Street, Muskogee, OK 74401",
      "filingUrl": "https://ecf.oked.uscourts.gov"
    },
    {
      "id": "usdc-ok-w",
      "name": "United States District Court for the Western District of Oklahoma",
      "abbreviation": "W.D. Okla.",
      "state": "OK",
      "city": "Oklahoma City",
      "address": "200 NW 4th Street, Oklahoma City, OK 73102",
      "filingUrl": "https://ecf.okwd.uscourts.gov"
    },
    {
      "id": "usdc-or",
      "name": "United States District Court for the District of Oregon",
      "abbreviation": "D. Or.",
      "state": "OR",
      "city": "Portland",
      "address": "Mark O. Hatfield U.S. Courthouse, 1000 SW Third Avenue, Portland, OR 97204",
      "filingUrl": "https://ecf.ord.uscourts.gov"
    },
    {
      "id": "usdc-pa-e",
      "name": "United States District Court for the Eastern District of Pennsylvania",
      "abbreviation": "E.D. Pa.",
      "state": "PA",
      "city": "Philadelphia",
      "address": "James A. Byrne U.S. Courthouse, 601 Market Street, Philadelphia, PA 19106",
      "filingUrl": "https://ecf.paed.uscourts.gov"
    },
    {
      "id": "usdc-pa-m",
      "name": "United States District Court for the Middle District of Pennsylvania",
      "abbreviation": "M.D. Pa.",
      "state": "PA",
      "city": "Scranton",
      "address": "235 North Washington Avenue, Scranton, PA 18503",
      "filingUrl": "https://ecf.pamd.uscourts.gov"
    },
    {
      "id": "usdc-pa-w",
      "name": "United States District Court for the Western District of Pennsylvania",
      "abbreviation": "W.D. Pa.",
      "state": "PA",
      "city": "Pittsburgh",
      "address": "700 Grant Street, Pittsburgh, PA 15219",
      "filingUrl": "https://ecf.pawd.uscourts.gov"
    },
    {
      "id": "usdc-ri",
      "name": "United States District Court for the District of Rhode Island",
      "abbreviation": "D.R.I.",
      "state": "RI",
      "city": "Providence",
      "address": "One Exchange Terrace, Providence, RI 02903",
      "filingUrl": "https://ecf.rid.uscourts.gov"
    },
    {
      "id": "usdc-sc",
      "name": "United States District Court for the District of South Carolina",
      "abbreviation": "D.S.C.",
      "state": "SC",
      "city": "Columbia",
      "address": "901 Richland Street, Columbia, SC 29201",
      "filingUrl": "https://ecf.scd.uscourts.gov"
    },
    {
      "id": "usdc-sd",
      "name": "United States District Court for the District of South Dakota",
      "abbreviation": "D.S.D.",
      "state": "SD",
      "city": "Sioux Falls",
      "address": "400 South Phillips Avenue, Sioux Falls, SD 57104",
      "filingUrl": "https://ecf.sdd.uscourts.gov"
    },
    {
      "id": "usdc-tn-e",
      "name": "United States District Court for the Eastern District of Tennessee",
      "abbreviation": "E.D. Tenn.",
      "state": "TN",
      "city": "Knoxville",
      "address": "800 Market Street, Knoxville, TN 37902",
      "filingUrl": "https://ecf.tned.uscourts.gov"
    },
    {
      "id": "usdc-tn-m",
      "name": "United States District Court for the Middle District of Tennessee",
      "abbreviation": "M.D. Tenn.",
      "state": "TN",
      "city": "Nashville",
      "address": "719 Church Street, Nashville, TN 37203",
      "filingUrl": "https://ecf.tnmd.uscourts.gov"
    },
    {
      "id": "usdc-tn-w",
      "name": "United States District Court for the Western District of Tennessee",
      "abbreviation": "W.D. Tenn.",
      "state": "TN",
      "city": "Memphis",
      "address": "167 North Main Street, Memphis, TN 38103",
      "filingUrl": "https://ecf.tnwd.uscourts.gov"
    },
    {
      "id": "usdc-tx-n",
      "name": "United States District Court for the Northern District of Texas",
      "abbreviation": "N.D. Tex.",
      "state": "TX",
      "city": "Dallas",
      "address": "1100 Commerce Street, Dallas, TX 75242",
      "filingUrl": "https://ecf.txnd.uscourts.gov"
    },
    {
      "id": "usdc-tx-e",
      "name": "United States District Court for the Eastern District of Texas",
      "abbreviation": "E.D. Tex.",
      "state": "TX",
      "city": "Tyler",
      "address": "211 West Ferguson Street, Tyler, TX 75702",
      "filingUrl": "https://ecf.txed.uscourts.gov"
    },
    {
      "id": "usdc-tx-s",
      "name": "United States District Court for the Southern District of Texas",
      "abbreviation": "S.D. Tex.",
      "state": "TX",
      "city": "Houston",
      "address": "515 Rusk Avenue, Houston, TX 77002",
      "filingUrl": "https://ecf.txsd.uscourts.gov"
    },
    {
      "id": "usdc-tx-w",
      "name": "United States District Court for the Western District of Texas",
      "abbreviation": "W.D. Tex.",
      "state": "TX",
      "city": "San Antonio",
      "address": "655 East Cesar E. Chavez Boulevard, San Antonio, TX 78206",
      "filingUrl": "https://ecf.txwd.uscourts.gov"
    },
    {
      "id": "usdc-ut",
      "name": "United States District Court for the District of Utah",
      "abbreviation": "D. Utah",
      "state": "UT",
      "city": "Salt Lake City",
      "address": "351 South West Temple, Salt Lake City, UT 84101",
      "filingUrl": "https://ecf.utd.uscourts.gov"
    },
    {
      "id": "usdc-vt",
      "name": "United States District Court for the District of Vermont",
      "abbreviation": "D. Vt.",
      "state": "VT",
      "city": "Burlington",
      "address": "11 Elmwood Avenue, Burlington, VT 05401",
      "filingUrl": "https://ecf.vtd.uscourts.gov"
    },
    {
      "id": "usdc-va-e",
      "name": "United States District Court for the Eastern District of Virginia",
      "abbreviation": "E.D. Va.",
      "state": "VA",
      "city": "Alexandria",
      "address": "401 Courthouse Square, Alexandria, VA 22314",
      "filingUrl": "https://ecf.vaed.uscourts.gov"
    },
    {
      "id": "usdc-va-w",
      "name": "United States District Court for the Western District of Virginia",
      "abbreviation": "W.D. Va.",
      "state": "VA",
      "city": "Roanoke",
      "address": "255 West Main Street, Roanoke, VA 24011",
      "filingUrl": "https://ecf.vawd.uscourts.gov"
    },
    {
      "id": "usdc-wa-e",
      "name": "United States District Court for the Eastern District of Washington",
      "abbreviation": "E.D. Wash.",
      "state": "WA",
      "city": "Spokane",
      "address": "920 West Riverside Avenue, Spokane, WA 99201",
      "filingUrl": "https://ecf.waed.uscourts.gov"
    },
    {
      "id": "usdc-wa-w",
      "name": "United States District Court for the Western District of Washington",
      "abbreviation": "W.D. Wash.",
      "state": "WA",
      "city": "Seattle",
      "address": "700 Stewart Street, Seattle, WA 98101",
      "filingUrl": "https://ecf.wawd.uscourts.gov"
    },
    {
      "id": "usdc-wv-n",
      "name": "United States District Court for the Northern District of West Virginia",
      "abbreviation": "N.D. W. Va.",
      "state": "WV",
      "city": "Elkins",
      "address": "217 West King Street, Martinsburg, WV 25401",
      "filingUrl": "https://ecf.wvnd.uscourts.gov"
    },
    {
      "id": "usdc-wv-s",
      "name": "United States District Court for the Southern District of West Virginia",
      "abbreviation": "S.D. W. Va.",
      "state": "WV",
      "city": "Charleston",
      "address": "300 Virginia Street East, Charleston, WV 25301",
      "filingUrl": "https://ecf.wvsd.uscourts.gov"
    },
    {
      "id": "usdc-wi-e",
      "name": "United States District Court for the Eastern District of Wisconsin",
      "abbreviation": "E.D. Wis.",
      "state": "WI",
      "city": "Milwaukee",
      "address": "517 East Wisconsin Avenue, Milwaukee, WI 53202",
      "filingUrl": "https://ecf.wied.uscourts.gov"
    },
    {
      "id": "usdc-wi-w",
      "name": "United States District Court for the Western District of Wisconsin",
      "abbreviation": "W.D. Wis.",
      "state": "WI",
      "city": "Madison",
      "address": "120 North Henry Street, Madison, WI 53703",
      "filingUrl": "https://ecf.wiwd.uscourts.gov"
    },
    {
      "id": "usdc-wy",
      "name": "United States District Court for the District of Wyoming",
      "abbreviation": "D. Wyo.",
      "state": "WY",
      "city": "Cheyenne",
      "address": "2120 Capitol Avenue, Cheyenne, WY 82001",
      "filingUrl": "https://ecf.wyd.uscourts.gov"
    },
    {
      "id": "usdc-pr",
      "name": "United States District Court for the District of Puerto Rico",
      "abbreviation": "D.P.R.",
      "state": "PR",
      "city": "San Juan",
      "address": "150 Carlos Chardón Avenue, San Juan, PR 00918",
      "filingUrl": "https://ecf.prd.uscourts.gov"
    },
    {
      "id": "usdc-vi",
      "name": "United States District Court for the District of the Virgin Islands",
      "abbreviation": "D.V.I.",
      "state": "VI",
      "city": "Charlotte Amalie",
      "address": "5500 Veterans Drive, Charlotte Amalie, VI 00802",
      "filingUrl": "https://ecf.vid.uscourts.gov"
    },
    {
      "id": "usdc-gu",
      "name": "United States District Court for the District of Guam",
      "abbreviation": "D. Guam",
      "state": "GU",
      "city": "Hagåtña",
      "address": "520 West Soledad Avenue, Hagåtña, GU 96910",
      "filingUrl": "https://ecf.gud.uscourts.gov"
    },
    {
      "id": "usdc-mp",
      "name": "United States District Court for the District of the Northern Mariana Islands",
      "abbreviation": "D.N.M.I.",
      "state": "MP",
      "city": "Saipan",
      "address": "Horiguchi Building, Garapan, Saipan, MP 96950",
      "filingUrl": "https://ecf.nmid.uscourts.gov"
    }
  ],
  "stateIndex": {
    "AL": ["usdc-al-n", "usdc-al-m", "usdc-al-s"],
    "AK": ["usdc-ak"],
    "AZ": ["usdc-az"],
    "AR": ["usdc-ar-e", "usdc-ar-w"],
    "CA": ["usdc-ca-n", "usdc-ca-e", "usdc-ca-c", "usdc-ca-s"],
    "CO": ["usdc-co"],
    "CT": ["usdc-ct"],
    "DE": ["usdc-de"],
    "DC": ["usdc-dc"],
    "FL": ["usdc-fl-n", "usdc-fl-m", "usdc-fl-s"],
    "GA": ["usdc-ga-n", "usdc-ga-m", "usdc-ga-s"],
    "HI": ["usdc-hi"],
    "ID": ["usdc-id"],
    "IL": ["usdc-il-n", "usdc-il-c", "usdc-il-s"],
    "IN": ["usdc-in-n", "usdc-in-s"],
    "IA": ["usdc-ia-n", "usdc-ia-s"],
    "KS": ["usdc-ks"],
    "KY": ["usdc-ky-e", "usdc-ky-w"],
    "LA": ["usdc-la-e", "usdc-la-m", "usdc-la-w"],
    "ME": ["usdc-me"],
    "MD": ["usdc-md"],
    "MA": ["usdc-ma"],
    "MI": ["usdc-mi-e", "usdc-mi-w"],
    "MN": ["usdc-mn"],
    "MS": ["usdc-ms-n", "usdc-ms-s"],
    "MO": ["usdc-mo-e", "usdc-mo-w"],
    "MT": ["usdc-mt"],
    "NE": ["usdc-ne"],
    "NV": ["usdc-nv"],
    "NH": ["usdc-nh"],
    "NJ": ["usdc-nj"],
    "NM": ["usdc-nm"],
    "NY": ["usdc-ny-n", "usdc-ny-s", "usdc-ny-e", "usdc-ny-w"],
    "NC": ["usdc-nc-e", "usdc-nc-m", "usdc-nc-w"],
    "ND": ["usdc-nd"],
    "OH": ["usdc-oh-n", "usdc-oh-s"],
    "OK": ["usdc-ok-n", "usdc-ok-e", "usdc-ok-w"],
    "OR": ["usdc-or"],
    "PA": ["usdc-pa-e", "usdc-pa-m", "usdc-pa-w"],
    "RI": ["usdc-ri"],
    "SC": ["usdc-sc"],
    "SD": ["usdc-sd"],
    "TN": ["usdc-tn-e", "usdc-tn-m", "usdc-tn-w"],
    "TX": ["usdc-tx-n", "usdc-tx-e", "usdc-tx-s", "usdc-tx-w"],
    "UT": ["usdc-ut"],
    "VT": ["usdc-vt"],
    "VA": ["usdc-va-e", "usdc-va-w"],
    "WA": ["usdc-wa-e", "usdc-wa-w"],
    "WV": ["usdc-wv-n", "usdc-wv-s"],
    "WI": ["usdc-wi-e", "usdc-wi-w"],
    "WY": ["usdc-wy"],
    "PR": ["usdc-pr"],
    "VI": ["usdc-vi"],
    "GU": ["usdc-gu"],
    "MP": ["usdc-mp"]
  }
}
